<?xml version="1.0" encoding="utf-8"?>
<GraphicalInterface>
  <P Name="NumRootInports">0</P>
  <P Name="NumRootOutports">0</P>
  <P Name="ParameterArgumentNames"/>
  <P Name="NumModelReferences">4</P>
  <ModelReference>
    <P Name="ModelRefBlockPath">$bdroot/Airframe/Linear Airframe|linearAirframe</P>
  </ModelReference>
  <ModelReference>
    <P Name="ModelRefBlockPath">$bdroot/Airframe/Nonlinear Airframe|nonlinearAirframe</P>
  </ModelReference>
  <ModelReference>
    <P Name="ModelRefBlockPath">$bdroot/FCS|flightControlSystem</P>
  </ModelReference>
  <ModelReference>
    <P Name="ModelRefBlockPath">$bdroot/Sensors/Sensors (Dynamics)/Sensor System/Camera/Model|cameraModel</P>
  </ModelReference>
  <P Name="NumTestPointedSignals">14</P>
  <TestPointedSignal>
    <P Name="SignalName">States</P>
    <P Name="FullBlockPath">$bdroot/Airframe</P>
    <P Name="LogSignal">1</P>
    <P Name="MaxPoints">5000</P>
    <P Name="Decimation">2</P>
  </TestPointedSignal>
  <TestPointedSignal>
    <P Name="SignalName">Environment</P>
    <P Name="FullBlockPath">$bdroot/Environment</P>
    <P Name="LogSignal">1</P>
    <P Name="MaxPoints">5000</P>
    <P Name="Decimation">2</P>
  </TestPointedSignal>
  <TestPointedSignal>
    <P Name="SignalName">Actuators</P>
    <P Name="FullBlockPath">$bdroot/FCS</P>
    <P Name="LogSignal">1</P>
    <P Name="MaxPoints">5000</P>
    <P Name="Decimation">2</P>
  </TestPointedSignal>
  <TestPointedSignal>
    <P Name="SignalName">Sensors</P>
    <P Name="FullBlockPath">$bdroot/Sensors</P>
    <P Name="LogSignal">1</P>
    <P Name="MaxPoints">5000</P>
    <P Name="Decimation">2</P>
  </TestPointedSignal>
  <TestPointedSignal>
    <P Name="SignalName"/>
    <P Name="FullBlockPath">$bdroot/Visualization/Extract Flight Instruments/Altitude [ft]</P>
    <P Name="LogSignal">1</P>
    <P Name="MaxPoints">5000</P>
    <P Name="Decimation">2</P>
  </TestPointedSignal>
  <TestPointedSignal>
    <P Name="SignalName"/>
    <P Name="FullBlockPath">$bdroot/Visualization/Extract Flight Instruments/Deg from North</P>
    <P Name="LogSignal">1</P>
    <P Name="MaxPoints">5000</P>
    <P Name="Decimation">2</P>
  </TestPointedSignal>
  <TestPointedSignal>
    <P Name="SignalName"/>
    <P Name="FullBlockPath">$bdroot/Visualization/Extract Flight Instruments/Demux</P>
    <P Name="PortIndex">3</P>
    <P Name="LogSignal">1</P>
    <P Name="MaxPoints">5000</P>
    <P Name="Decimation">2</P>
  </TestPointedSignal>
  <TestPointedSignal>
    <P Name="SignalName"/>
    <P Name="FullBlockPath">$bdroot/Visualization/Extract Flight Instruments/Demux1</P>
    <P Name="LogSignal">1</P>
    <P Name="MaxPoints">5000</P>
    <P Name="Decimation">2</P>
  </TestPointedSignal>
  <TestPointedSignal>
    <P Name="SignalName"/>
    <P Name="FullBlockPath">$bdroot/Visualization/Extract Flight Instruments/Demux1</P>
    <P Name="PortIndex">2</P>
    <P Name="LogSignal">1</P>
    <P Name="MaxPoints">5000</P>
    <P Name="Decimation">2</P>
  </TestPointedSignal>
  <TestPointedSignal>
    <P Name="SignalName"/>
    <P Name="FullBlockPath">$bdroot/Visualization/Extract Flight Instruments/Demux1</P>
    <P Name="PortIndex">3</P>
    <P Name="LogSignal">1</P>
    <P Name="MaxPoints">5000</P>
    <P Name="Decimation">2</P>
  </TestPointedSignal>
  <TestPointedSignal>
    <P Name="SignalName"/>
    <P Name="FullBlockPath">$bdroot/Visualization/Extract Flight Instruments/Demux1</P>
    <P Name="PortIndex">4</P>
    <P Name="LogSignal">1</P>
    <P Name="MaxPoints">5000</P>
    <P Name="Decimation">2</P>
  </TestPointedSignal>
  <TestPointedSignal>
    <P Name="SignalName"/>
    <P Name="FullBlockPath">$bdroot/Visualization/Extract Flight Instruments/Gain</P>
    <P Name="LogSignal">1</P>
    <P Name="MaxPoints">5000</P>
    <P Name="Decimation">2</P>
  </TestPointedSignal>
  <TestPointedSignal>
    <P Name="SignalName"/>
    <P Name="FullBlockPath">$bdroot/Visualization/Extract Flight Instruments/Mux</P>
    <P Name="LogSignal">1</P>
    <P Name="MaxPoints">5000</P>
    <P Name="Decimation">2</P>
  </TestPointedSignal>
  <TestPointedSignal>
    <P Name="SignalName"/>
    <P Name="FullBlockPath">$bdroot/Visualization/Extract Flight Instruments/V</P>
    <P Name="LogSignal">1</P>
    <P Name="MaxPoints">5000</P>
    <P Name="Decimation">2</P>
  </TestPointedSignal>
  <P Name="NumProvidedFunctions">0</P>
  <P Name="NumRequiredFunctions">0</P>
  <P Name="NumResetEvents">0</P>
  <P Name="HasInitializeEvent">0</P>
  <P Name="HasTerminateEvent">0</P>
  <P Name="PreCompExecutionDomainType">Unset</P>
  <P Name="IsExportFunctionModel">0</P>
  <P Name="NumParameterArguments">0</P>
  <P Name="NumExternalFileReferences">35</P>
  <ExternalFileReference>
    <P Name="Reference">linearAirframe.slx</P>
    <P Name="Path">$bdroot/Airframe/Linear Airframe</P>
    <P Name="SID">1133</P>
    <P Name="Type">MODEL_BLOCK</P>
  </ExternalFileReference>
  <ExternalFileReference>
    <P Name="Reference">nonlinearAirframe.slx</P>
    <P Name="Path">$bdroot/Airframe/Nonlinear Airframe</P>
    <P Name="SID">1132</P>
    <P Name="Type">MODEL_BLOCK</P>
  </ExternalFileReference>
  <ExternalFileReference>
    <P Name="Reference">simulink/Logic and Bit
Operations/Compare
To Constant</P>
    <P Name="Path">$bdroot/Command/Data/Compare To Constant</P>
    <P Name="SID">567</P>
    <P Name="Type">LIBRARY_BLOCK</P>
  </ExternalFileReference>
  <ExternalFileReference>
    <P Name="Reference">simulink/Logic and Bit
Operations/Compare
To Zero</P>
    <P Name="Path">$bdroot/Command/Data/Compare To Zero</P>
    <P Name="SID">568</P>
    <P Name="Type">LIBRARY_BLOCK</P>
  </ExternalFileReference>
  <ExternalFileReference>
    <P Name="Reference">simulink/Logic and Bit
Operations/Compare
To Zero</P>
    <P Name="Path">$bdroot/Command/Data/Compare To Zero1</P>
    <P Name="SID">569</P>
    <P Name="Type">LIBRARY_BLOCK</P>
  </ExternalFileReference>
  <ExternalFileReference>
    <P Name="Reference">simulink/Sources/Counter
Free-Running</P>
    <P Name="Path">$bdroot/Command/Data/Live Time  Ticks</P>
    <P Name="SID">1082</P>
    <P Name="Type">LIBRARY_BLOCK</P>
  </ExternalFileReference>
  <ExternalFileReference>
    <P Name="Reference">simulink/Logic and Bit
Operations/Compare
To Constant</P>
    <P Name="Path">$bdroot/Command/Joystick/Compare To Constant</P>
    <P Name="SID">588</P>
    <P Name="Type">LIBRARY_BLOCK</P>
  </ExternalFileReference>
  <ExternalFileReference>
    <P Name="Reference">simulink/Sources/Counter
Free-Running</P>
    <P Name="Path">$bdroot/Command/Joystick/Live Time  Ticks</P>
    <P Name="SID">1080</P>
    <P Name="Type">LIBRARY_BLOCK</P>
  </ExternalFileReference>
  <ExternalFileReference>
    <P Name="Reference">aerolibanimutils/Pilot Joystick</P>
    <P Name="Path">$bdroot/Command/Joystick/Pilot Joystick</P>
    <P Name="SID">597</P>
    <P Name="Type">LIBRARY_BLOCK</P>
  </ExternalFileReference>
  <ExternalFileReference>
    <P Name="Reference">SignalEditorBlockLib/Signal Editor</P>
    <P Name="Path">$bdroot/Command/Joystick/Position Reference</P>
    <P Name="SID">1147</P>
    <P Name="Type">LIBRARY_BLOCK</P>
  </ExternalFileReference>
  <ExternalFileReference>
    <P Name="Reference">simulink/Logic and Bit
Operations/Compare
To Constant</P>
    <P Name="Path">$bdroot/Command/Signal Editor/Compare To Constant</P>
    <P Name="SID">610</P>
    <P Name="Type">LIBRARY_BLOCK</P>
  </ExternalFileReference>
  <ExternalFileReference>
    <P Name="Reference">simulink/Logic and Bit
Operations/Compare
To Zero</P>
    <P Name="Path">$bdroot/Command/Signal Editor/Compare To Zero</P>
    <P Name="SID">611</P>
    <P Name="Type">LIBRARY_BLOCK</P>
  </ExternalFileReference>
  <ExternalFileReference>
    <P Name="Reference">simulink/Logic and Bit
Operations/Compare
To Zero</P>
    <P Name="Path">$bdroot/Command/Signal Editor/Compare To Zero1</P>
    <P Name="SID">612</P>
    <P Name="Type">LIBRARY_BLOCK</P>
  </ExternalFileReference>
  <ExternalFileReference>
    <P Name="Reference">simulink/Sources/Counter
Free-Running</P>
    <P Name="Path">$bdroot/Command/Signal Editor/Live Time  Ticks</P>
    <P Name="SID">1078</P>
    <P Name="Type">LIBRARY_BLOCK</P>
  </ExternalFileReference>
  <ExternalFileReference>
    <P Name="Reference">SignalEditorBlockLib/Signal Editor</P>
    <P Name="Path">$bdroot/Command/Signal Editor/Position//Attitude Reference</P>
    <P Name="SID">1146</P>
    <P Name="Type">LIBRARY_BLOCK</P>
  </ExternalFileReference>
  <ExternalFileReference>
    <P Name="Reference">simulink/Logic and Bit
Operations/Compare
To Constant</P>
    <P Name="Path">$bdroot/Command/Spreadsheet Data/Compare To Constant</P>
    <P Name="SID">629</P>
    <P Name="Type">LIBRARY_BLOCK</P>
  </ExternalFileReference>
  <ExternalFileReference>
    <P Name="Reference">simulink/Logic and Bit
Operations/Compare
To Zero</P>
    <P Name="Path">$bdroot/Command/Spreadsheet Data/Compare To Zero</P>
    <P Name="SID">630</P>
    <P Name="Type">LIBRARY_BLOCK</P>
  </ExternalFileReference>
  <ExternalFileReference>
    <P Name="Reference">simulink/Logic and Bit
Operations/Compare
To Zero</P>
    <P Name="Path">$bdroot/Command/Spreadsheet Data/Compare To Zero1</P>
    <P Name="SID">631</P>
    <P Name="Type">LIBRARY_BLOCK</P>
  </ExternalFileReference>
  <ExternalFileReference>
    <P Name="Reference">simulink/Sources/Counter
Free-Running</P>
    <P Name="Path">$bdroot/Command/Spreadsheet Data/Live Time  Ticks</P>
    <P Name="SID">1086</P>
    <P Name="Type">LIBRARY_BLOCK</P>
  </ExternalFileReference>
  <ExternalFileReference>
    <P Name="Reference">environmentLibrary/Environment (Constant)</P>
    <P Name="Path">$bdroot/Environment/Environment (Constant)</P>
    <P Name="SID">89</P>
    <P Name="Type">LIBRARY_BLOCK</P>
  </ExternalFileReference>
  <ExternalFileReference>
    <P Name="Reference">environmentLibrary/Environment (Variable)</P>
    <P Name="Path">$bdroot/Environment/Environment (Variable)</P>
    <P Name="SID">88</P>
    <P Name="Type">LIBRARY_BLOCK</P>
  </ExternalFileReference>
  <ExternalFileReference>
    <P Name="Reference">flightControlSystem.slx</P>
    <P Name="Path">$bdroot/FCS</P>
    <P Name="SID">1</P>
    <P Name="Type">MODEL_BLOCK</P>
  </ExternalFileReference>
  <ExternalFileReference>
    <P Name="Reference">sensorsLibrary/Sensors (Dynamics)</P>
    <P Name="Path">$bdroot/Sensors/Sensors (Dynamics)</P>
    <P Name="SID">103</P>
    <P Name="Type">LIBRARY_BLOCK</P>
  </ExternalFileReference>
  <ExternalFileReference>
    <P Name="Reference">sensorsLibrary/Sensors (Feedthrough)</P>
    <P Name="Path">$bdroot/Sensors/Sensors (Feedthrough)</P>
    <P Name="SID">104</P>
    <P Name="Type">LIBRARY_BLOCK</P>
  </ExternalFileReference>
  <ExternalFileReference>
    <P Name="Reference">simulink/Logic and Bit
Operations/Compare
To Zero</P>
    <P Name="Path">$bdroot/Stop Simulation/Compare To Zero</P>
    <P Name="SID">1143</P>
    <P Name="Type">LIBRARY_BLOCK</P>
  </ExternalFileReference>
  <ExternalFileReference>
    <P Name="Reference">aerolibconvert2/Length Conversion</P>
    <P Name="Path">$bdroot/Visualization/Extract Flight Instruments/Altitude [ft]</P>
    <P Name="SID">916</P>
    <P Name="Type">LIBRARY_BLOCK</P>
  </ExternalFileReference>
  <ExternalFileReference>
    <P Name="Reference">aerolibconvert2/Angle Conversion</P>
    <P Name="Path">$bdroot/Visualization/Extract Flight Instruments/Euler [deg]</P>
    <P Name="SID">931</P>
    <P Name="Type">LIBRARY_BLOCK</P>
  </ExternalFileReference>
  <ExternalFileReference>
    <P Name="Reference">simulink/Model
Verification/Check Static 
Lower Bound</P>
    <P Name="Path">$bdroot/Visualization/Extract Flight Instruments/Floor contact</P>
    <P Name="SID">1145</P>
    <P Name="Type">LIBRARY_BLOCK</P>
  </ExternalFileReference>
  <ExternalFileReference>
    <P Name="Reference">aerolibconvert2/Velocity Conversion</P>
    <P Name="Path">$bdroot/Visualization/Extract Flight Instruments/V</P>
    <P Name="SID">938</P>
    <P Name="Type">LIBRARY_BLOCK</P>
  </ExternalFileReference>
  <ExternalFileReference>
    <P Name="Reference">aerolibconvert2/Velocity Conversion</P>
    <P Name="Path">$bdroot/Visualization/Extract Flight Instruments/Vd [ft//min]</P>
    <P Name="SID">939</P>
    <P Name="Type">LIBRARY_BLOCK</P>
  </ExternalFileReference>
  <ExternalFileReference>
    <P Name="Reference">aerolibfltsims/FlightGear
Preconfigured
6DoF Animation</P>
    <P Name="Path">$bdroot/Visualization/Visualization/FlightGear/FlightGear Preconfigured 6DoF Animation</P>
    <P Name="SID">955</P>
    <P Name="Type">LIBRARY_BLOCK</P>
  </ExternalFileReference>
  <ExternalFileReference>
    <P Name="Reference">aerolibfltsims/Generate
Run Script</P>
    <P Name="Path">$bdroot/Visualization/Visualization/FlightGear/Generate Run Script</P>
    <P Name="SID">956</P>
    <P Name="Type">LIBRARY_BLOCK</P>
  </ExternalFileReference>
  <ExternalFileReference>
    <P Name="Reference">aerolibutil/Quaternion
Multiplication</P>
    <P Name="Path">$bdroot/Visualization/Visualization/Simulink 3D/Euler to VR/Quaternion Multiplication (Pitch &amp; Yaw)</P>
    <P Name="SID">1001</P>
    <P Name="Type">LIBRARY_BLOCK</P>
  </ExternalFileReference>
  <ExternalFileReference>
    <P Name="Reference">aerolibutil/Quaternion
Multiplication</P>
    <P Name="Path">$bdroot/Visualization/Visualization/Simulink 3D/Euler to VR/Quaternion Multiplication (Roll)</P>
    <P Name="SID">1002</P>
    <P Name="Type">LIBRARY_BLOCK</P>
  </ExternalFileReference>
  <ExternalFileReference>
    <P Name="Reference">vrlib/VR Sink</P>
    <P Name="Path">$bdroot/Visualization/Visualization/Simulink 3D/VR Sink</P>
    <P Name="SID">1044</P>
    <P Name="Type">LIBRARY_BLOCK</P>
  </ExternalFileReference>
  <P Name="OrderedModelArguments">1</P>
</GraphicalInterface>
