<?xml version="1.0" encoding="UTF-8"?>
<sltp_graph version="1.1" packageUris="http://schema.mathworks.com/mf0/sltp_mm/R2018b_201805251631">
  <sltp.mm.core.Context type="sltp.mm.core.Context" uuid="9c453d52-374c-4479-bb9d-2d78f41617ec">
    <priorityDirection>HighNumberLast</priorityDirection>
    <tasks type="sltp.mm.core.Task" uuid="b94cc312-e1dc-460a-a9cb-762ffda82780"/>
    <tasks type="sltp.mm.core.Task" uuid="40a6b517-9e5d-40e9-94df-b18de66d8626"/>
    <tasks type="sltp.mm.core.Task" uuid="76812cf1-8fbd-4b82-91db-8ec410f2b9a2"/>
    <tasks type="sltp.mm.core.Task" uuid="fd7a9d57-df01-4128-a7b6-7509df0c2d18"/>
    <rootTask type="sltp.mm.core.Task" uuid="b94cc312-e1dc-460a-a9cb-762ffda82780">
      <context type="sltp.mm.core.Context" uuid="9c453d52-374c-4479-bb9d-2d78f41617ec"/>
      <explicit>false</explicit>
      <name>Default</name>
      <priority>-2147483648</priority>
      <subgraph type="sltp.mm.core.Graph" uuid="f35549c1-7ca4-4afe-a7b1-cf0801321922">
        <connections type="sltp.mm.core.Connection" uuid="ee35e717-5da6-495a-bed5-7e516bd02627">
          <dst type="sltp.mm.core.Task" uuid="76812cf1-8fbd-4b82-91db-8ec410f2b9a2"/>
          <src type="sltp.mm.core.Task" uuid="40a6b517-9e5d-40e9-94df-b18de66d8626"/>
        </connections>
        <connections type="sltp.mm.core.Connection" uuid="6059f27e-0276-439e-9648-2b01012b5884">
          <dst type="sltp.mm.core.Task" uuid="40a6b517-9e5d-40e9-94df-b18de66d8626"/>
          <src type="sltp.mm.core.Task" uuid="fd7a9d57-df01-4128-a7b6-7509df0c2d18"/>
        </connections>
        <tasks type="sltp.mm.core.Task" uuid="40a6b517-9e5d-40e9-94df-b18de66d8626">
          <baseTask>true</baseTask>
          <context type="sltp.mm.core.Context" uuid="9c453d52-374c-4479-bb9d-2d78f41617ec"/>
          <explicit>false</explicit>
          <id>1</id>
          <inConnections type="sltp.mm.core.Connection" uuid="6059f27e-0276-439e-9648-2b01012b5884"/>
          <name>Cont</name>
          <outConnections type="sltp.mm.core.Connection" uuid="ee35e717-5da6-495a-bed5-7e516bd02627"/>
          <priority>40</priority>
          <rates type="sltp.mm.core.Rate" uuid="93a907be-38f3-4008-885c-676f3e6a8151">
            <color>255</color>
            <rateSpec type="sltp.mm.core.RateSpec">
              <period>0</period>
            </rateSpec>
            <sti>-1</sti>
          </rates>
        </tasks>
        <tasks type="sltp.mm.core.Task" uuid="76812cf1-8fbd-4b82-91db-8ec410f2b9a2">
          <context type="sltp.mm.core.Context" uuid="9c453d52-374c-4479-bb9d-2d78f41617ec"/>
          <explicit>false</explicit>
          <id>2</id>
          <inConnections type="sltp.mm.core.Connection" uuid="ee35e717-5da6-495a-bed5-7e516bd02627"/>
          <name>D2</name>
          <priority>41</priority>
          <rates type="sltp.mm.core.Rate" uuid="e71051a1-3029-4df6-9eb0-341c4421c99c">
            <color>255</color>
            <rateSpec type="sltp.mm.core.RateSpec">
              <period>0.059999999999999998</period>
            </rateSpec>
            <sti>-1</sti>
          </rates>
        </tasks>
        <tasks type="sltp.mm.core.Task" uuid="fd7a9d57-df01-4128-a7b6-7509df0c2d18">
          <context type="sltp.mm.core.Context" uuid="9c453d52-374c-4479-bb9d-2d78f41617ec"/>
          <explicit>false</explicit>
          <id>3</id>
          <name>D3</name>
          <outConnections type="sltp.mm.core.Connection" uuid="6059f27e-0276-439e-9648-2b01012b5884"/>
          <priority>42</priority>
          <rates type="sltp.mm.core.Rate" uuid="f723d59c-9fb5-4235-95dc-1d709117e246">
            <color>255</color>
            <rateSpec type="sltp.mm.core.RateSpec">
              <period>0.20000000000000001</period>
            </rateSpec>
            <sti>-1</sti>
          </rates>
        </tasks>
      </subgraph>
    </rootTask>
  </sltp.mm.core.Context>
</sltp_graph>