<?xml version="1.0" encoding="UTF-8"?>
<sltp_editor version="1.1" packageUris="http://schema.mathworks.com/mf0/DiagramEditor/19700101 http://schema.mathworks.com/mf0/SltpSyntax/R2018b_201805311549">
  <diagram.editor.model.Diagram type="diagram.editor.model.Diagram" uuid="1d9a28f9-447c-4ac3-aa28-ab16554f378f">
    <connections type="diagram.editor.model.Connection" uuid="87dc1c28-460a-4a2d-9350-7c434abc9214">
      <dstElement type="diagram.editor.model.Entity" uuid="f3c64787-f93a-455a-8c67-7884234428f5"/>
      <srcElement type="diagram.editor.model.Entity" uuid="702a1a03-9604-487e-9c2a-9c3454b3756a"/>
      <position type="diagram.editor.model.Point"/>
      <size type="diagram.editor.model.Rect"/>
      <syntaxElement type="sltp.mm.syntax.Edge" uuid="91263ee5-9ee2-4f73-a2df-6704f08d86b2"/>
      <type>graph.Edge</type>
    </connections>
    <connections type="diagram.editor.model.Connection" uuid="411eadaa-4af5-448c-bb75-6eb560673de1">
      <dstElement type="diagram.editor.model.Entity" uuid="702a1a03-9604-487e-9c2a-9c3454b3756a"/>
      <srcElement type="diagram.editor.model.Entity" uuid="2ccd4902-9964-4fc5-87c2-c82cf02a47a7"/>
      <position type="diagram.editor.model.Point"/>
      <size type="diagram.editor.model.Rect"/>
      <syntaxElement type="sltp.mm.syntax.Edge" uuid="846044d6-fd13-48e1-bc7a-471fcc86f498"/>
      <type>graph.Edge</type>
    </connections>
    <entities type="diagram.editor.model.Entity" uuid="702a1a03-9604-487e-9c2a-9c3454b3756a">
      <inConnections type="diagram.editor.model.Connection" uuid="411eadaa-4af5-448c-bb75-6eb560673de1"/>
      <outConnections type="diagram.editor.model.Connection" uuid="87dc1c28-460a-4a2d-9350-7c434abc9214"/>
      <position type="diagram.editor.model.Point"/>
      <size type="diagram.editor.model.Rect">
        <height>100</height>
        <width>100</width>
      </size>
      <syntaxElement type="sltp.mm.syntax.Node" uuid="816610c3-a7a3-4ef9-ae55-bc6be6f19a21"/>
      <title>Cont</title>
      <type>base</type>
      <subDiagram type="diagram.editor.model.Diagram" uuid="167e7d25-7596-4d30-a3f2-51561ac22b95">
        <position type="diagram.editor.model.Point"/>
        <size empty="true"/>
        <syntaxElement type="sltp.mm.syntax.Graph" uuid="22b220f6-f9ac-47ce-8887-98ad7537b5d0"/>
        <title>Cont</title>
        <type>graph.Graph</type>
      </subDiagram>
    </entities>
    <entities type="diagram.editor.model.Entity" uuid="f3c64787-f93a-455a-8c67-7884234428f5">
      <inConnections type="diagram.editor.model.Connection" uuid="87dc1c28-460a-4a2d-9350-7c434abc9214"/>
      <position type="diagram.editor.model.Point"/>
      <size type="diagram.editor.model.Rect">
        <height>100</height>
        <width>100</width>
      </size>
      <syntaxElement type="sltp.mm.syntax.Node" uuid="adfbce60-16b0-4669-8533-3c1cb3e008b3"/>
      <title>D2</title>
      <type>implicit-discrete</type>
      <subDiagram type="diagram.editor.model.Diagram" uuid="96d78682-0bbb-47d9-beea-68c8b5afab23">
        <position type="diagram.editor.model.Point"/>
        <size empty="true"/>
        <syntaxElement type="sltp.mm.syntax.Graph" uuid="c1707534-1bb3-41c0-b280-a360d193d3de"/>
        <title>D2</title>
        <type>graph.Graph</type>
      </subDiagram>
    </entities>
    <entities type="diagram.editor.model.Entity" uuid="2ccd4902-9964-4fc5-87c2-c82cf02a47a7">
      <outConnections type="diagram.editor.model.Connection" uuid="411eadaa-4af5-448c-bb75-6eb560673de1"/>
      <position type="diagram.editor.model.Point"/>
      <size type="diagram.editor.model.Rect">
        <height>100</height>
        <width>100</width>
      </size>
      <syntaxElement type="sltp.mm.syntax.Node" uuid="33c0ba6f-0d55-461f-8c43-bb94eaa4a5f0"/>
      <title>D3</title>
      <type>implicit-discrete</type>
      <subDiagram type="diagram.editor.model.Diagram" uuid="e8f51766-c957-4bff-88d8-2900f2f268e0">
        <position type="diagram.editor.model.Point"/>
        <size empty="true"/>
        <syntaxElement type="sltp.mm.syntax.Graph" uuid="c9de1aa3-6c90-4247-bdad-1485423e1fab"/>
        <title>D3</title>
        <type>graph.Graph</type>
      </subDiagram>
    </entities>
    <position empty="true"/>
    <size empty="true"/>
    <syntaxElement type="sltp.mm.syntax.Graph" uuid="38bd2f3b-8f82-4da7-a34d-72831757308d"/>
    <title>Default</title>
    <type>graph.Graph</type>
  </diagram.editor.model.Diagram>
  <sltp.mm.syntax.Graph type="sltp.mm.syntax.Graph" uuid="38bd2f3b-8f82-4da7-a34d-72831757308d">
    <children type="sltp.mm.syntax.Node" uuid="816610c3-a7a3-4ef9-ae55-bc6be6f19a21">
      <inEdges type="sltp.mm.syntax.Edge" uuid="846044d6-fd13-48e1-bc7a-471fcc86f498"/>
      <outEdges type="sltp.mm.syntax.Edge" uuid="91263ee5-9ee2-4f73-a2df-6704f08d86b2"/>
      <priority>40</priority>
      <rates type="sltp.mm.syntax.RateData">
        <color>#000000</color>
        <rate>0</rate>
      </rates>
      <title>Cont</title>
      <type>base</type>
      <diagramElement type="diagram.editor.model.Entity" uuid="702a1a03-9604-487e-9c2a-9c3454b3756a"/>
      <subgraph type="sltp.mm.syntax.Graph" uuid="22b220f6-f9ac-47ce-8887-98ad7537b5d0">
        <title>Cont</title>
        <diagramElement type="diagram.editor.model.Diagram" uuid="167e7d25-7596-4d30-a3f2-51561ac22b95"/>
      </subgraph>
    </children>
    <children type="sltp.mm.syntax.Node" uuid="adfbce60-16b0-4669-8533-3c1cb3e008b3">
      <inEdges type="sltp.mm.syntax.Edge" uuid="91263ee5-9ee2-4f73-a2df-6704f08d86b2"/>
      <orderIndex>1</orderIndex>
      <priority>41</priority>
      <rates type="sltp.mm.syntax.RateData">
        <color>#000000</color>
        <rate>0.06</rate>
      </rates>
      <title>D2</title>
      <type>implicit-discrete</type>
      <diagramElement type="diagram.editor.model.Entity" uuid="f3c64787-f93a-455a-8c67-7884234428f5"/>
      <subgraph type="sltp.mm.syntax.Graph" uuid="c1707534-1bb3-41c0-b280-a360d193d3de">
        <title>D2</title>
        <diagramElement type="diagram.editor.model.Diagram" uuid="96d78682-0bbb-47d9-beea-68c8b5afab23"/>
      </subgraph>
    </children>
    <children type="sltp.mm.syntax.Node" uuid="33c0ba6f-0d55-461f-8c43-bb94eaa4a5f0">
      <orderIndex>2</orderIndex>
      <outEdges type="sltp.mm.syntax.Edge" uuid="846044d6-fd13-48e1-bc7a-471fcc86f498"/>
      <priority>42</priority>
      <rates type="sltp.mm.syntax.RateData">
        <color>#000000</color>
        <rate>0.2</rate>
      </rates>
      <title>D3</title>
      <type>implicit-discrete</type>
      <diagramElement type="diagram.editor.model.Entity" uuid="2ccd4902-9964-4fc5-87c2-c82cf02a47a7"/>
      <subgraph type="sltp.mm.syntax.Graph" uuid="c9de1aa3-6c90-4247-bdad-1485423e1fab">
        <title>D3</title>
        <diagramElement type="diagram.editor.model.Diagram" uuid="e8f51766-c957-4bff-88d8-2900f2f268e0"/>
      </subgraph>
    </children>
    <edges type="sltp.mm.syntax.Edge" uuid="91263ee5-9ee2-4f73-a2df-6704f08d86b2">
      <dst type="sltp.mm.syntax.Node" uuid="adfbce60-16b0-4669-8533-3c1cb3e008b3"/>
      <src type="sltp.mm.syntax.Node" uuid="816610c3-a7a3-4ef9-ae55-bc6be6f19a21"/>
      <type>Dependency</type>
      <diagramElement type="diagram.editor.model.Connection" uuid="87dc1c28-460a-4a2d-9350-7c434abc9214"/>
    </edges>
    <edges type="sltp.mm.syntax.Edge" uuid="846044d6-fd13-48e1-bc7a-471fcc86f498">
      <dst type="sltp.mm.syntax.Node" uuid="816610c3-a7a3-4ef9-ae55-bc6be6f19a21"/>
      <src type="sltp.mm.syntax.Node" uuid="33c0ba6f-0d55-461f-8c43-bb94eaa4a5f0"/>
      <type>Delay</type>
      <diagramElement type="diagram.editor.model.Connection" uuid="411eadaa-4af5-448c-bb75-6eb560673de1"/>
    </edges>
    <title>Default</title>
    <diagramElement type="diagram.editor.model.Diagram" uuid="1d9a28f9-447c-4ac3-aa28-ab16554f378f"/>
  </sltp.mm.syntax.Graph>
</sltp_editor>